Red,Green,Blue
88,102,123
88,103,126
88,103,126
89,103,125
90,104,126
88,104,127
88,104,127
89,104,127
90,104,126
90,104,126
88,105,128
88,107,128
89,107,127
89,105,127
92,105,125
91,105,126
93,105,124
90,107,128
91,107,129
89,106,129
95,105,126
90,107,128
90,104,127
91,104,127
92,105,126
94,105,126
95,108,126
94,105,127
94,108,130
92,107,130
91,107,129
91,107,129
91,107,128
91,104,127
92,104,127
94,109,127
95,106,127
97,107,127
95,109,127
93,108,126
91,107,125
95,109,130
94,109,130
93,108,130
92,109,129
92,109,128
92,107,127
93,106,127
95,107,127
97,108,127
98,109,128
96,111,129
94,111,128
92,109,126
95,107,127
99,110,130
97,111,130
96,110,130
95,109,130
94,110,129
94,110,128
94,108,128
87,104,122
96,109,127
97,111,128
98,112,129
95,112,130
92,111,129
90,108,126
88,105,124
99,111,131
101,112,130
100,111,130
83,99,117
98,110,131
97,109,130
97,110,129
97,110,129
96,108,128
96,108,128
97,112,128
97,114,129
97,114,130
94,112,130
91,110,129
87,107,126
86,104,123
84,102,120
98,114,130
103,116,131
103,114,131
102,112,132
101,113,132
100,112,131
99,110,131
99,112,130
99,113,129
99,112,130
81,98,112
97,118,130
97,117,130
96,115,129
92,113,127
89,110,125
85,105,122
83,103,119
82,102,115
103,114,133
106,120,137
105,120,137
105,118,136
104,116,135
104,115,134
77,97,111
102,113,132
102,115,131
101,117,130
101,117,131
99,119,132
97,122,133
95,119,131
93,115,129
89,112,125
84,108,122
80,102,118
78,99,115
98,118,131
111,125,141
107,124,141
106,123,142
104,121,140
103,119,138
102,118,135
101,116,134
100,114,133
99,116,132
73,94,111
97,120,132
95,121,134
92,119,135
89,116,132
86,113,128
82,107,123
78,101,118
74,97,114
83,111,125
108,127,145
104,125,147
101,123,144
99,121,141
98,120,137
98,118,134
98,115,132
96,116,130
95,118,129
93,120,129
90,119,130
86,116,130
68,89,103
79,105,119
75,99,113
72,93,108
66,84,94
103,127,139
99,123,136
95,120,132
95,123,130
95,121,127
96,115,124
94,116,122
91,117,120
89,114,119
85,112,117
81,112,116
77,104,111
73,95,105
69,89,99
62,79,91
61,73,81
91,116,123
90,119,122
90,117,119
90,110,117
88,109,114
84,108,111
81,103,108
78,99,105
75,97,102
71,90,97
68,80,92
65,77,86
80,99,109
82,104,114
81,102,112
60,66,75
78,96,106
75,93,103
73,88,98
71,84,93
68,81,88
66,74,83
63,67,79
60,67,76
72,87,100
70,86,97
68,82,94
66,77,91
65,75,87
62,73,83
61,71,79
59,62,73
58,63,79
59,68,81
56,61,68
57,65,76
57,65,73
56,62,71
56,59,66
55,57,60
58,60,67
58,60,65
57,59,63
56,59,62
56,57,57
57,56,58
102,118,137
97,104,131
101,114,140
107,129,149
99,106,123
103,114,134
107,126,144
111,141,154
114,145,152
108,123,136
95,111,123
98,110,122
103,112,124
113,148,159
111,136,147
114,150,156
95,111,125
96,116,127
113,151,165
100,114,124
105,120,125
111,132,138
113,142,152
111,155,159
114,138,143
100,123,141
98,119,134
97,115,129
96,113,128
101,118,127
107,126,130
113,156,170
116,147,156
109,154,162
97,116,130
110,140,156
104,132,148
100,124,140
99,119,133
107,151,166
96,116,131
102,122,132
110,130,135
117,141,148
119,152,162
113,160,175
97,115,134
115,148,161
110,140,155
104,131,147
100,123,140
99,118,133
98,116,131
97,131,153
103,123,136
112,134,141
119,146,154
121,154,167
113,156,180
105,145,170
113,137,147
120,159,176
117,153,168
113,146,161
108,138,154
103,130,146
99,122,140
98,118,133
98,115,132
98,113,136
105,123,141
103,143,169
122,150,159
123,156,170
113,155,180
93,127,150
107,128,150
118,158,173
115,151,165
111,144,158
107,136,150
102,129,144
98,121,138
98,117,132
99,116,132
99,118,141
90,125,144
115,140,158
124,151,164
125,158,168
114,160,172
102,146,161
100,117,133
116,157,167
113,149,160
109,141,153
105,135,146
101,127,141
97,120,136
99,117,131
89,117,139
102,120,145
109,132,158
116,144,169
123,155,168
123,160,167
112,155,164
100,138,153
108,120,150
114,152,162
111,144,155
107,137,148
104,131,142
100,123,138
98,117,134
101,116,130
104,117,134
88,108,134
113,133,165
116,150,181
120,161,174
118,163,166
108,145,157
98,126,145
86,104,122
86,102,119
109,139,150
105,133,144
102,127,139
100,120,136
98,115,133
103,115,131
109,118,136
114,125,151
116,142,166
117,161,180
117,161,170
114,153,160
104,134,149
96,119,138
88,107,128
120,134,151
107,133,145
103,129,141
101,123,137
99,119,135
98,116,134
105,114,133
112,119,138
109,142,153
120,153,163
117,174,175
101,123,141
94,112,131
87,104,123
86,101,116
114,158,164
116,152,160
117,141,150
111,126,140
105,118,135
99,115,134
99,117,134
100,120,134
101,124,138
104,128,141
108,147,158
86,100,113
87,100,118
92,109,124
98,120,133
112,159,169
104,135,145
87,101,112
87,100,115
91,107,119
94,115,126
99,127,138
103,138,151
107,147,163
111,148,156
112,145,149
108,133,142
104,122,137
99,114,135
98,116,133
98,118,132
98,120,134
86,102,109
87,104,112
87,103,114
89,104,116
91,110,121
94,120,132
98,130,142
102,140,153
107,140,150
109,139,147
106,134,143
103,126,139
100,118,135
98,116,131
87,105,110
95,116,130
96,116,129
87,103,112
95,114,126
98,117,130
101,121,135
102,128,141
104,133,145
105,133,145
103,132,144
99,131,143
95,122,134
92,113,125
90,108,116
89,104,112
87,103,112
92,113,125
87,103,112
87,101,112
87,102,112
88,103,111
89,105,110
90,106,112
92,107,119
94,114,126
97,122,134
100,124,139
102,126,143
102,129,148
101,126,143
101,123,135
94,113,123
97,118,128
93,113,122
101,124,135
101,127,143
100,128,146
100,124,140
98,122,134
96,119,127
94,113,123
92,108,118
90,108,115
89,107,113
88,104,113
87,103,112
87,102,111
97,119,129
101,124,135
86,101,110
86,102,111
87,103,113
88,105,114
89,107,116
90,109,117
91,109,118
93,113,120
94,117,122
96,120,129
97,124,136
98,129,143
93,115,124
97,120,130
100,128,141
98,126,139
99,125,135
96,124,140
95,120,132
94,116,124
93,114,117
92,109,117
91,105,118
90,107,120
88,107,119
87,106,116
86,104,113
86,102,110
85,101,109
95,120,132
96,126,135
95,123,137
83,99,106
84,100,108
85,101,109
86,103,112
87,105,115
88,105,119
89,105,119
91,105,118
91,108,116
92,111,115
92,113,122
93,116,129
93,120,133
94,120,136
91,120,131
86,103,113
85,102,111
84,101,109
89,105,117
91,106,118
93,121,132
93,119,132
92,117,131
91,114,126
91,111,122
91,110,118
91,108,118
88,104,116
89,104,115
90,111,123
90,114,125
91,116,127
91,117,129
90,106,118
90,107,119
90,108,121
88,103,113
90,109,122
90,112,125
90,111,122
89,106,123
90,106,122
90,108,120
90,110,120
89,109,120
89,108,119
89,110,123
157,184,220
154,179,209
153,177,205
154,180,215
151,174,205
149,173,200
148,171,196
147,171,194
152,176,210
147,171,203
145,166,197
144,168,194
146,169,200
143,168,191
141,166,188
148,168,199
148,171,200
149,171,200
149,169,201
147,169,195
145,168,190
138,160,180
136,153,172
142,166,187
152,170,197
154,172,198
155,174,200
154,175,201
153,173,196
150,170,190
144,166,185
138,158,178
133,148,169
137,142,162
159,176,201
155,172,200
151,169,198
161,180,202
160,184,203
159,179,198
155,174,193
146,171,187
137,161,178
131,148,168
137,138,159
143,137,162
150,143,174
152,172,199
158,174,204
163,181,205
166,187,205
164,190,206
162,183,201
157,175,195
147,171,189
137,160,179
130,146,167
140,137,157
150,138,165
246,237,248
203,183,212
160,145,188
153,177,201
159,179,208
165,188,208
167,191,208
163,188,208
160,181,203
155,173,197
146,165,191
136,155,180
130,144,167
145,139,154
161,138,167
177,141,203
215,210,238
254,255,255
255,255,255
255,255,255
150,175,195
151,176,197
160,180,209
166,187,208
250,255,255
255,255,255
255,255,255
255,255,255
255,255,255
227,246,255
193,175,228
172,148,179
151,137,157
131,144,166
136,153,176
144,162,185
153,171,192
168,191,207
163,189,206
155,178,203
159,181,200
153,176,201
156,176,204
161,178,208
167,184,206
168,189,204
163,189,202
157,180,195
151,169,185
143,159,177
136,151,171
132,144,166
158,139,162
185,160,192
212,204,254
241,255,255
255,255,255
255,255,255
255,255,255
255,255,255
250,255,255
222,255,255
235,255,255
151,178,198
200,255,255
231,255,255
220,255,255
150,175,197
151,176,205
151,171,206
153,171,206
158,175,206
162,184,203
163,188,201
158,184,198
153,175,189
148,165,179
144,157,170
140,151,166
138,145,166
171,153,166
203,177,204
236,217,255
255,255,255
255,255,255
255,255,255
255,255,255
255,255,255
245,255,255
209,255,255
210,255,255
228,255,255
241,255,255
255,255,255
255,255,255
255,255,255
255,255,255
255,255,255
255,245,255
221,189,223
182,158,181
144,148,174
143,150,168
144,154,168
146,162,177
150,170,185
154,178,193
158,183,196
157,179,200
154,171,203
151,167,205
150,168,207
150,175,208
151,178,203
202,255,255
195,254,255
189,243,255
219,255,255
150,177,205
148,170,202
152,182,202
148,166,200
151,165,197
153,169,194
153,173,191
149,171,188
145,165,182
143,158,176
144,150,171
146,148,176
150,152,188
194,157,201
239,199,245
255,255,255
255,255,255
255,255,255
255,255,255
255,255,255
255,255,255
236,255,255
223,255,255
216,244,255
208,247,255
201,250,255
196,254,255
190,244,255
184,233,255
151,181,203
175,223,255
144,160,180
146,169,198
149,178,202
152,185,204
153,188,207
147,163,191
148,165,188
148,166,185
146,164,183
146,164,195
159,209,255
166,217,255
174,224,255
181,233,255
185,239,255
189,241,255
194,238,255
199,238,255
206,242,255
214,255,255
226,255,255
246,255,255
255,255,255
255,255,255
255,255,255
255,255,255
255,255,255
255,251,255
211,193,222
167,156,202
159,152,183
151,152,173
143,155,176
155,185,219
155,192,212
152,189,205
148,179,199
152,196,255
160,207,255
166,215,255
172,221,255
178,227,255
181,230,255
183,230,255
186,229,255
190,231,255
198,237,255
205,249,255
217,255,255
236,255,255
254,255,255
145,168,195
255,255,255
255,255,255
255,255,255
255,255,255
229,225,251
185,168,220
171,159,190
158,154,174
144,154,176
143,156,178
143,162,190
144,162,186
144,162,183
145,161,181
255,255,255
144,158,179
156,180,220
156,184,212
153,185,205
148,182,198
143,172,194
140,164,189
140,162,185
141,161,183
141,154,179
142,153,177
145,154,175
164,156,173
183,171,198
203,198,246
246,252,255
255,255,255
255,255,255
255,255,255
255,255,255
255,255,255
243,255,255
225,255,255
207,251,255
196,240,255
189,229,255
182,226,255
178,224,255
177,222,255
176,220,255
175,218,255
170,216,255
165,209,255
160,202,255
152,194,255
143,184,255
135,173,249
141,158,181
156,177,221
255,255,255
255,255,255
255,255,255
222,212,255
197,181,206
172,162,172
147,156,175
143,154,177
141,154,180
139,157,181
139,159,183
138,161,185
139,163,189
142,170,193
147,180,197
152,179,205
155,178,212
157,181,217
255,255,255
250,255,255
230,255,255
214,253,255
199,244,255
188,235,255
183,226,255
177,222,255
174,218,255
173,216,255
173,212,255
171,209,255
166,208,255
161,203,255
156,196,255
148,188,255
141,180,255
134,169,248
132,165,238
131,163,230
255,255,255
154,179,221
152,175,213
149,173,204
145,172,196
141,164,193
138,160,188
127,157,220
138,159,185
129,159,225
130,162,229
132,165,237
133,167,245
139,176,254
145,184,255
152,191,255
157,199,255
162,204,255
167,203,255
168,206,255
169,209,255
170,212,255
173,217,255
177,221,255
203,244,255
182,228,255
138,158,183
138,157,181
141,157,180
190,236,255
144,157,178
151,158,175
180,168,173
210,190,214
241,222,255
255,255,255
255,255,255
255,255,255
255,255,255
255,255,255
236,255,255
216,255,255
155,183,221
175,221,255
182,226,255
192,230,255
203,250,255
221,255,255
253,255,255
255,255,255
255,255,255
255,255,255
255,255,255
255,237,255
224,190,225
188,163,187
153,156,185
146,158,183
142,160,182
138,158,183
137,158,184
138,158,185
138,159,188
140,163,190
143,168,194
146,171,201
149,175,207
151,182,215
154,183,216
155,182,217
129,158,223
123,151,211
124,153,214
126,155,218
130,162,227
131,164,233
133,166,241
138,173,249
143,180,255
148,187,255
153,197,255
158,202,255
163,201,255
165,202,255
165,204,255
166,208,255
168,211,255
172,215,255
152,180,209
149,184,206
146,174,201
143,167,196
141,166,191
139,162,189
137,159,187
137,157,186
137,158,185
137,159,185
143,160,185
149,156,189
157,152,195
195,165,202
232,196,236
255,245,255
255,255,255
255,255,255
255,255,255
243,255,255
211,255,255
194,239,255
185,223,255
176,220,255
170,215,255
167,210,255
164,206,255
162,203,255
162,200,255
161,199,255
159,197,255
154,197,255
150,191,255
145,183,255
140,175,251
135,168,243
131,162,237
130,161,231
129,160,226
129,157,221
127,154,217
125,152,212
124,148,211
124,148,209
255,255,255
126,151,210
161,202,255
163,205,255
166,210,255
172,215,255
180,219,255
188,228,255
205,249,255
236,255,255
255,255,255
255,255,255
255,255,255
255,255,255
255,244,255
235,209,248
199,175,216
164,142,205
154,148,194
145,154,187
136,159,187
135,158,186
136,157,186
136,159,186
138,160,187
140,162,188
142,161,191
144,165,194
147,174,198
158,197,255
157,195,255
156,193,255
151,190,255
146,185,255
141,178,254
137,171,245
133,165,238
130,159,233
129,160,228
129,159,224
129,156,220
127,153,216
126,151,212
124,148,211
125,149,211
159,199,255
143,162,190
141,158,188
139,160,186
137,158,185
136,157,183
135,155,181
134,155,180
135,155,179
146,149,178
158,152,192
171,162,218
204,198,244
237,231,255
255,255,255
255,255,255
255,255,255
255,255,255
255,255,255
228,255,255
198,250,255
182,227,255
175,210,255
168,208,255
163,204,255
160,199,255
157,197,255
155,195,255
154,194,255
153,191,255
152,189,255
147,188,255
142,182,255
138,174,248
135,168,240
132,163,235
129,160,230
128,161,227
129,160,223
129,157,219
128,154,216
126,151,212
125,151,214
126,152,214
129,154,215
131,156,216
157,195,255
130,159,219
128,156,220
126,154,218
125,153,215
126,152,213
127,154,216
129,157,219
128,160,222
128,160,225
129,160,228
131,162,230
134,165,236
136,171,243
140,178,250
143,183,255
147,186,255
150,188,255
151,189,255
153,190,255
155,193,255
159,201,255
164,204,255
171,206,255
178,225,255
193,249,255
221,255,255
248,255,255
255,255,255
255,255,255
255,255,255
255,255,255
240,251,255
209,223,255
179,189,230
163,160,186
148,145,163
134,148,167
133,150,171
134,152,175
135,154,179
136,157,182
138,160,185
140,160,187
127,157,221
126,155,218
125,153,216
126,153,214
127,154,216
128,156,218
128,158,221
129,159,223
129,160,225
131,161,227
133,163,231
135,166,237
138,173,244
141,178,249
144,183,253
146,185,255
148,186,255
151,186,255
129,159,219
133,159,218
154,194,255
156,199,255
162,204,255
169,209,255
176,223,255
191,245,255
215,255,255
239,255,255
255,255,255
255,255,255
255,255,255
255,255,255
242,255,255
220,239,255
197,211,243
174,175,181
152,152,149
131,144,155
129,144,162
130,145,168
131,149,174
133,153,180
153,189,255
132,153,216
129,155,213
127,156,210
125,153,210
125,152,211
126,152,211
127,153,214
127,155,216
128,158,219
129,159,221
130,159,223
131,159,225
133,160,229
135,163,233
136,167,239
138,172,243
140,178,248
143,181,253
146,184,255
149,184,255
152,189,255
154,195,255
159,200,255
167,205,255
176,221,255
189,243,255
209,255,255
229,255,255
245,255,255
251,255,255
255,255,255
255,255,255
245,255,255
230,255,255
214,225,255
185,177,189
156,148,153
127,138,154
125,136,157
125,137,161
127,144,168
140,150,220
151,186,255
143,181,253
139,177,248
136,173,243
135,167,238
134,163,233
133,160,230
132,158,226
131,157,223
129,158,221
128,157,219
126,156,217
125,153,214
125,151,212
125,150,209
125,150,206
126,150,203
129,152,200
132,151,206
136,152,215
144,159,223
150,186,255
151,189,255
156,195,255
165,201,255
174,218,255
186,242,255
203,255,255
219,255,255
233,255,255
241,255,255
249,255,255
255,255,255
248,255,255
241,255,255
231,231,255
195,169,214
159,135,174
124,129,165
121,125,157
122,126,155
147,181,254
148,183,255
133,168,238
132,163,232
132,160,228
131,157,226
130,157,223
129,157,221
128,157,219
126,156,217
124,153,215
123,150,212
122,148,210
123,147,208
124,146,202
127,146,196
132,147,189
137,146,200
143,153,213
149,174,227
155,194,243
145,179,251
146,181,253
147,184,255
153,189,255
161,197,255
169,208,255
181,228,255
140,175,249
196,255,255
210,255,255
224,255,255
236,255,255
247,255,255
254,255,255
249,255,255
244,255,255
237,248,255
201,190,237
165,147,196
130,121,176
125,119,157
136,172,244
143,177,249
158,204,254
154,194,239
150,171,222
142,156,204
135,146,190
127,145,195
123,145,200
121,146,205
120,147,206
120,149,207
122,153,209
124,154,211
126,155,214
127,156,216
127,156,218
128,155,221
129,157,223
130,160,227
130,163,233
133,166,239
136,169,243
140,173,244
141,175,246
143,177,248
144,180,253
150,185,255
157,193,255
164,201,255
175,218,255
188,243,255
202,255,255
216,255,255
230,255,255
244,255,255
254,255,255
251,255,255
247,255,255
241,255,255
207,212,255
172,165,217
161,209,255
141,177,249
153,188,255
160,198,255
169,212,255
181,231,255
193,248,255
207,255,255
225,255,255
242,255,255
254,255,255
253,255,255
162,208,255
159,208,255
156,203,252
153,185,230
146,166,208
137,148,190
129,145,194
123,144,197
120,145,201
118,146,202
118,148,203
120,152,204
123,153,206
125,154,208
125,156,211
125,155,213
126,154,215
126,155,218
126,156,222
127,158,227
130,160,233
133,163,238
136,167,239
138,170,241
139,172,244
251,255,255
246,255,255
146,182,254
212,229,255
139,158,191
130,147,193
124,143,195
121,144,197
118,144,198
117,145,198
119,147,199
121,150,201
122,151,203
123,152,206
123,153,208
124,153,210
124,153,212
124,153,217
124,153,222
127,156,227
130,160,232
133,166,234
135,168,237
137,170,240
139,173,245
143,178,249
147,178,213
156,203,255
158,205,255
251,255,255
250,255,255
248,255,255
235,255,255
217,255,255
199,248,255
185,233,255
174,220,255
163,202,255
154,189,255
154,196,239
249,255,255
148,183,255
245,255,255
240,255,255
225,255,255
207,255,255
190,235,255
177,220,255
166,208,255
156,193,255
148,182,255
144,178,250
140,174,245
137,170,240
135,168,236
133,165,232
131,162,228
127,156,225
124,152,221
121,149,216
121,150,211
122,151,208
123,151,206
122,150,204
121,148,202
120,147,200
155,196,246
119,145,198
117,143,196
116,143,196
118,143,195
122,144,195
126,145,197
132,150,199
140,161,201
148,179,222
156,203,255
250,255,255
128,146,200
134,151,207
142,162,214
150,179,233
117,143,194
115,141,194
116,140,194
117,141,195
118,143,197
119,145,199
120,146,201
121,148,203
120,149,205
119,149,207
118,148,210
122,148,214
125,151,218
128,158,221
131,162,226
132,166,230
134,168,235
137,171,240
140,175,245
143,181,254
150,190,255
159,202,255
168,214,255
181,227,255
199,244,255
216,255,255
231,255,255
241,255,255
122,144,194
144,168,227
208,255,255
191,235,255
174,219,255
162,206,255
155,196,255
147,186,255
141,178,249
138,172,240
135,168,235
132,165,230
130,162,225
138,150,215
127,159,220
125,155,215
122,149,210
120,147,206
117,148,204
118,147,203
118,147,201
119,146,200
118,143,198
117,141,196
116,138,195
115,138,193
115,139,191
115,140,192
118,141,193
125,141,194
132,142,204
143,156,222
116,143,196
136,143,205
127,138,190
119,139,190
115,139,190
114,137,190
113,135,190
113,135,191
114,136,193
115,140,194
116,144,198
117,145,199
117,147,199
119,146,200
120,147,203
125,155,215
127,158,220
131,162,225
134,166,229
137,169,235
141,174,244
146,182,253
153,191,255
159,199,255
170,211,255
185,227,255
122,152,209
122,148,210
111,133,188
112,132,188
113,135,189
114,139,192
115,140,194
115,141,195
116,142,196
117,141,197
118,142,200
119,145,205
125,153,215
129,157,221
133,161,226
137,165,232
141,172,241
146,180,250
151,189,255
156,196,255
165,206,255
113,136,189
115,136,187
120,135,186
130,134,184
112,134,189
140,169,239
153,193,255
148,185,255
144,178,248
112,133,185
135,163,230
131,158,223
126,153,217
123,147,210
120,143,205
124,137,181
118,134,185
115,135,189
112,133,187
111,131,185
111,131,184
117,139,201
112,136,188
113,137,190
114,139,191
115,140,192
116,138,193
116,138,196
113,139,189
141,174,245
136,167,237
131,161,227
126,156,220
122,151,213
119,144,206
117,138,201
115,133,197
114,134,193
112,137,188
112,135,186
111,135,183
111,132,181
111,130,180
111,130,183
114,132,185
118,134,188
114,137,190
127,159,222
122,154,214
118,146,207
116,140,201
111,127,177
115,136,196
114,133,193
113,134,190
112,135,187
111,136,187
110,134,185
110,132,184
110,131,181
115,134,184
112,130,181
132,163,231
110,129,179
123,156,215
118,150,208
114,142,201
114,137,196
114,134,191
114,133,189
112,133,187
110,133,185
109,133,185
109,131,183
109,130,181
109,129,179
110,127,177
111,127,175
113,131,179
117,143,202
114,138,196
113,135,190
113,133,187
113,133,186
112,133,185
110,132,184
108,129,181
108,128,180
108,127,177
109,127,174
108,130,183
111,132,181
113,132,182
113,132,183
113,133,186
107,129,179
106,128,178
106,127,176
106,126,175
109,131,180
112,130,180
113,131,179
110,132,177
108,131,176
105,129,175
105,127,173
109,129,174
108,127,172
105,126,171
111,129,175
108,126,171
107,125,169
71,76,90
93,102,120
94,108,123
94,110,122
95,105,119
91,102,115
86,97,111
81,92,106
78,87,101
76,81,96
73,78,93
90,102,117
81,95,109
79,94,106
78,88,101
76,82,97
74,79,92
72,77,90
69,76,88
69,74,87
70,74,87
70,74,89
72,77,92
92,103,123
92,108,127
93,110,127
93,108,122
81,95,111
85,96,112
80,91,106
77,86,100
75,80,94
82,102,119
82,101,115
79,94,111
77,88,105
75,83,100
73,79,94
71,77,90
69,77,88
70,75,87
70,74,86
70,73,88
73,79,93
75,85,99
79,90,106
83,94,113
87,102,119
91,110,124
90,107,130
90,104,130
71,75,90
84,101,117
83,97,112
79,90,107
76,84,102
74,80,96
72,75,91
71,74,88
70,75,87
70,74,86
69,74,86
88,100,123
88,101,123
88,100,118
69,73,87
70,75,89
72,77,90
74,81,96
77,85,102
81,88,109
85,94,113
83,102,121
86,95,115
86,92,112
84,104,117
84,98,112
83,92,107
79,85,102
75,80,97
72,76,92
72,72,88
71,71,85
70,72,84
70,73,85
69,74,86
69,73,86
70,74,87
72,75,88
73,78,93
76,81,98
79,83,104
85,97,116
82,88,108
74,77,92
83,86,105
80,83,103
77,81,100
74,79,95
72,76,90
71,74,86
70,73,86
69,73,86
69,73,86
70,73,85
71,72,83
82,95,112
82,91,107
80,87,101
77,81,96
83,90,108
72,73,88
71,72,84
71,71,82
81,86,108
80,84,104
78,82,102
75,79,98
72,77,94
71,75,89
70,72,84
70,72,85
69,73,86
70,74,87
70,74,86
71,73,84
81,89,104
80,87,107
79,84,102
78,81,97
75,78,92
71,73,83
71,72,86
73,75,89
71,73,83
79,83,103
78,80,102
77,79,98
79,83,109
78,86,105
75,77,93
75,82,102
73,78,99
71,76,94
70,73,89
70,70,84
69,71,85
69,73,87
70,75,88
71,76,88
71,76,87
71,76,86
70,75,85
70,73,86
71,73,87
73,74,88
72,73,84
81,84,101
79,81,99
77,77,94
70,73,89
72,77,94
75,82,99
78,88,103
81,93,107
69,71,83
69,71,86
69,72,88
69,75,90
70,78,90
70,79,90
70,77,89
70,74,87
69,73,86
71,72,84
74,74,89
85,98,108
86,90,107
84,86,101
80,83,96
77,77,91
74,73,87
72,72,81
70,71,82
69,72,85
69,73,89
69,76,90
70,81,91
69,79,91
68,75,91
68,72,88
68,71,85
69,71,82
71,74,88
73,78,94
77,86,99
81,93,103
79,91,99
90,100,113
87,93,108
82,88,102
78,80,95
74,75,88
72,71,82
70,70,82
68,70,83
68,70,86
69,72,87
69,76,88
68,76,88
67,75,87
67,72,84
68,71,82
69,70,80
71,75,87
74,81,93
84,96,103
69,69,81
91,107,119
88,99,113
82,90,107
78,83,99
74,77,91
71,71,82
78,89,99
67,68,82
67,69,83
67,70,84
67,72,84
67,73,84
66,73,83
66,71,82
67,70,80
68,70,78
70,74,85
73,80,92
65,68,81
88,109,133
88,111,126
86,103,119
81,91,113
76,84,103
72,78,93
70,73,83
67,69,80
65,68,80
71,76,91
66,69,81
66,70,81
66,70,81
65,70,80
65,68,79
66,68,77
67,69,76
69,72,83
64,67,78
85,98,123
86,100,117
83,95,111
79,86,105
75,81,97
71,76,89
68,71,81
65,68,79
63,67,79
63,69,79
64,70,79
65,69,78
65,68,78
65,66,76
65,66,77
66,67,76
62,70,78
83,86,107
83,86,102
81,83,98
77,80,95
74,76,89
70,71,83
67,68,78
63,67,77
61,67,77
62,70,78
63,68,77
63,67,76
63,65,75
63,65,75
64,65,76
77,79,92
77,77,90
78,75,88
76,74,86
73,74,84
71,70,81
69,68,78
66,66,75
64,66,75
62,66,76
62,67,76
62,68,76
63,67,75
63,66,74
62,65,74
62,63,74
72,72,82
72,71,79
73,68,79
72,68,78
70,69,78
68,67,76
67,66,75
65,65,74
64,65,74
63,65,75
63,66,75
63,66,75
63,66,74
62,65,73
67,68,79
67,66,77
68,66,77
67,66,77
67,67,77
66,66,76
65,65,75
65,65,75
65,65,75
64,65,75
63,64,75
63,63,74
62,64,73
65,67,77
65,66,76
65,65,75
66,65,75
66,65,76
65,66,76
63,65,74
64,67,74
64,66,75
64,65,75
64,66,75
65,66,76
64,65,73
65,64,73
65,63,73
65,63,74
65,64,74
65,65,75
64,66,75
63,67,75
63,66,75
63,67,75
63,68,74
64,63,73
64,62,73
65,63,73
64,64,74
64,65,75
63,66,75
63,67,75
63,66,75
63,65,73
62,65,73
63,65,73
63,63,73
63,62,73
63,63,73
63,65,74
63,65,74
63,67,75
63,67,75
62,66,72
62,65,72
62,63,73
62,65,73
62,65,73
62,66,74
62,66,72
61,65,72
61,66,72
61,64,72
61,62,72
62,64,72
62,65,72
61,63,71
60,63,71
60,63,71
60,62,71
60,61,71
61,62,71
61,63,71
60,63,71
60,62,71
61,63,71
61,63,71
61,63,71
61,63,70
61,62,69
61,62,69
61,61,68
186,203,255
185,203,255
185,205,255
185,208,255
186,202,255
185,202,255
185,201,255
185,202,255
186,205,255
193,207,255
189,207,255
186,203,255
183,202,255
184,201,255
185,201,255
186,205,255
189,207,255
191,206,255
195,209,255
198,215,255
204,225,255
184,201,255
182,203,255
183,203,255
206,229,255
201,220,255
196,212,255
191,205,255
189,205,255
188,206,255
187,208,255
186,207,255
184,203,255
185,198,254
183,198,255
181,200,255
182,201,255
183,202,255
185,205,255
185,206,255
185,207,255
184,203,255
184,200,255
188,200,255
193,204,255
197,212,255
206,213,251
201,214,255
185,196,253
183,195,253
181,195,254
180,198,254
181,199,255
183,200,255
184,202,255
184,204,255
198,204,243
182,206,255
180,201,255
178,196,255
181,190,255
184,191,255
187,197,252
193,200,247
204,206,240
179,185,243
186,197,253
184,196,252
182,196,252
180,197,253
181,197,253
182,198,254
183,200,255
183,201,255
180,202,255
178,198,255
176,194,255
177,188,252
178,186,248
184,190,239
190,195,235
196,200,235
182,196,252
181,196,252
180,197,252
183,197,252
185,198,253
187,199,253
188,201,254
182,198,253
182,199,255
179,199,255
176,196,255
174,191,251
173,186,247
172,183,243
171,180,238
176,183,233
182,187,230
189,207,255
188,205,255
186,202,254
183,199,253
181,196,252
181,195,250
181,194,249
182,195,250
180,197,252
178,199,253
175,194,251
172,188,247
169,183,244
166,180,240
163,179,236
175,179,227
168,178,231
171,177,225
189,210,255
190,211,255
190,211,255
187,206,255
184,200,254
182,196,251
181,194,249
180,193,247
180,194,247
178,195,248
175,194,248
172,189,247
168,185,244
166,181,241
163,179,238
160,177,233
164,176,229
165,182,240
190,209,255
191,214,255
191,218,255
188,210,255
186,202,254
183,195,251
181,194,248
179,193,245
178,193,244
175,192,244
172,188,244
162,179,238
160,177,235
157,175,230
168,185,242
161,174,226
159,177,232
190,206,255
192,209,255
193,212,255
190,209,255
187,205,255
184,198,252
181,194,248
178,192,244
176,190,243
173,188,241
168,184,240
158,172,224
154,174,227
157,176,230
165,181,238
162,179,235
158,174,227
189,203,254
191,205,255
192,208,255
189,207,255
186,205,255
184,198,252
181,194,248
177,191,244
174,188,241
171,185,239
167,181,236
163,178,233
155,173,225
153,172,223
156,171,221
160,176,230
154,171,220
186,200,250
187,203,253
187,205,255
186,204,255
184,201,255
183,198,253
180,194,248
177,190,244
173,187,240
169,184,236
166,181,232
162,176,229
159,172,226
157,171,223
156,170,220
156,166,218
182,197,248
183,199,250
183,200,253
183,200,255
182,199,255
182,197,251
180,193,248
176,189,245
173,187,240
168,185,235
165,182,231
162,177,227
158,171,223
155,168,218
157,167,220
179,194,246
179,195,249
180,197,252
181,197,252
181,196,250
179,193,248
175,189,245
172,188,240
168,186,235
164,183,230
161,178,226
158,172,222
157,165,218
157,163,216
156,166,216
179,195,247
157,165,215
158,166,215
158,168,217
159,173,221
162,178,225
165,183,229
168,187,235
180,193,244
175,191,246
177,195,247
179,197,248
179,196,249
179,193,248
179,188,246
179,190,245
172,190,241
180,189,244
178,185,245
178,190,246
178,194,247
177,197,247
176,196,247
174,193,247
172,191,241
169,187,236
166,182,230
163,177,225
160,174,221
159,171,217
158,169,214
182,193,244
158,166,214
180,191,246
178,189,246
177,191,246
176,193,246
175,194,246
174,195,246
173,194,246
172,190,241
170,186,236
167,180,231
164,177,227
161,176,222
160,174,217
183,194,247
159,172,214
184,198,251
182,194,249
179,191,247
178,192,246
177,193,245
176,193,245
175,194,245
173,191,241
171,188,237
168,182,232
165,179,228
162,177,223
161,174,218
160,171,214
174,194,245
184,198,252
181,193,249
179,193,247
178,193,245
176,193,245
175,193,245
175,194,245
174,193,241
186,203,255
173,190,238
169,186,234
166,182,229
162,178,224
161,174,219
160,169,215
184,198,251
186,203,254
160,169,216
162,174,221
163,180,227
167,184,233
171,188,238
174,192,241
176,194,245
176,196,248
176,196,248
177,196,247
179,195,247
181,196,249
189,207,255
190,209,255
188,206,255
185,203,253
162,177,223
183,200,251
181,199,250
179,199,250
178,199,251
177,199,251
177,197,248
176,194,245
172,190,242
168,187,236
164,184,229
160,171,217
170,190,240
190,208,255
188,207,255
186,206,255
184,204,253
183,203,252
181,203,253
181,203,254
180,202,255
160,173,218
163,181,225
166,189,232
179,200,251
174,193,245
178,197,248
183,207,255
191,206,255
189,206,255
187,207,255
186,207,255
185,207,255
184,207,255
163,180,228
182,207,255
182,204,255
180,199,251
176,193,248
171,190,242
167,188,235
186,210,255
191,203,255
189,203,255
187,206,255
187,209,255
187,210,255
187,210,255
185,212,255
184,207,255
182,202,254
177,194,250
173,189,245
168,186,238
164,180,232
189,202,254
187,204,255
187,207,255
188,209,255
188,210,255
188,211,255
187,213,255
186,211,255
184,207,255
179,199,252
175,193,247
171,187,242
166,182,236
187,203,255
188,207,255
189,209,255
190,210,255
190,212,255
189,214,255
188,213,255
187,210,255
182,203,255
177,197,250
173,190,245
167,185,240
190,211,255
192,212,255
193,214,255
191,217,255
191,213,255
189,209,255
184,206,255
179,200,253
174,194,248
169,189,244
193,216,255
192,216,255
191,212,255
189,208,255
184,205,255
179,201,255
175,196,251
170,191,247
191,211,255
190,207,255
184,205,255
180,202,255
175,199,254
171,194,251
192,216,255
190,209,255
184,205,255
180,202,255
175,199,255
175,199,255
180,202,255
176,199,255
123,143,193
125,145,197
122,142,193
120,139,189
128,148,198
129,150,200
126,147,198
123,145,197
121,143,194
119,141,190
119,139,187
132,152,202
130,151,203
128,148,201
125,147,199
132,152,205
120,144,194
119,142,191
119,140,189
120,139,187
122,146,197
130,151,206
129,149,205
132,153,205
135,155,204
126,146,199
123,146,197
121,144,195
120,143,193
120,142,190
121,141,189
120,139,187
128,147,202
135,156,208
132,154,203
129,152,204
128,150,205
128,148,205
128,148,203
126,148,200
125,148,198
123,147,197
122,146,195
121,145,193
121,143,191
121,140,188
120,139,186
138,158,217
144,173,229
140,167,224
136,160,216
132,156,209
129,153,204
126,150,203
126,149,203
127,148,203
128,149,202
127,150,202
126,151,201
124,150,199
123,149,197
122,149,196
122,146,193
121,142,189
120,139,187
119,137,184
149,174,231
146,171,228
142,168,226
139,164,221
135,160,216
132,156,210
130,152,206
127,148,204
127,147,202
128,149,201
129,151,202
129,152,203
127,152,204
125,152,202
124,151,200
123,150,198
123,147,195
122,143,191
120,141,187
119,138,184
117,135,181
152,175,231
149,172,229
146,169,226
144,166,224
141,163,222
138,161,218
135,160,214
133,156,210
131,153,207
129,147,204
129,147,202
129,149,200
130,152,202
129,154,204
128,153,206
126,153,205
125,153,202
124,152,200
124,149,197
123,145,193
121,143,189
119,140,185
116,136,182
150,172,229
148,171,227
146,168,225
143,165,222
141,163,220
139,160,217
137,159,214
134,159,212
133,157,210
132,155,208
130,151,206
130,149,204
130,148,202
130,151,204
130,153,205
129,155,206
128,155,205
127,155,203
126,156,201
125,153,199
124,148,196
121,146,192
118,143,189
116,138,185
115,134,181
151,174,231
148,171,229
147,169,226
145,167,224
143,165,222
141,162,219
139,159,215
138,158,212
136,158,210
135,158,210
134,158,209
133,156,209
132,154,208
131,152,206
131,150,205
131,152,205
131,153,206
130,155,206
129,156,205
128,156,204
127,156,203
126,153,201
125,150,198
122,147,196
119,143,192
117,138,188
116,135,183
115,133,179
153,175,235
151,176,232
149,174,229
147,170,226
145,167,224
143,164,221
141,161,219
139,158,215
138,156,210
137,156,207
136,157,206
135,159,208
134,158,209
134,158,210
133,156,209
133,154,208
133,152,208
132,153,207
132,154,207
131,156,206
130,157,206
129,158,205
127,155,205
126,153,203
125,151,201
123,148,199
120,144,196
118,139,190
117,136,185
116,134,180
115,131,176
152,172,225
150,174,231
149,174,229
147,171,226
145,167,223
143,164,221
141,161,218
140,158,216
138,157,213
136,156,210
136,155,208
136,155,208
135,158,209
135,159,210
135,160,211
135,158,211
135,156,212
134,153,212
133,155,210
133,156,209
132,157,207
131,158,207
130,158,207
128,155,207
126,154,206
125,153,204
123,151,202
121,147,199
120,142,193
118,138,187
116,135,182
115,132,177
113,129,173
134,158,211
147,172,226
145,169,223
143,165,221
141,162,218
140,159,215
138,157,214
136,156,211
134,156,210
135,155,209
135,155,209
136,157,210
136,160,211
136,162,212
137,160,214
136,157,215
135,155,216
135,157,214
133,159,208
132,159,208
131,158,209
130,157,209
128,156,208
126,155,207
124,153,205
123,150,202
121,145,196
119,140,190
117,136,184
115,133,179
113,129,173
111,126,167
148,173,228
126,155,209
145,171,226
144,171,223
143,168,220
141,163,218
139,160,215
138,158,212
136,157,210
135,158,210
134,159,210
134,157,211
135,156,211
136,157,212
137,160,212
138,162,214
139,161,216
136,160,217
136,160,213
135,160,209
134,160,209
133,160,210
132,160,211
131,159,211
129,158,210
124,151,206
122,147,199
119,142,193
117,137,186
115,133,180
113,130,174
111,126,167
109,125,165
138,160,219
137,159,221
138,162,219
141,162,220
141,163,218
140,163,215
138,161,214
137,159,213
135,158,212
134,158,211
137,161,216
134,157,209
135,156,209
136,157,211
137,158,214
138,161,216
140,165,218
141,168,221
137,159,212
137,160,212
136,162,212
134,165,213
133,164,212
132,160,211
129,156,209
125,152,207
133,159,210
122,148,201
120,142,195
118,137,189
115,133,181
114,130,174
112,125,166
110,124,163
109,123,160
139,162,222
140,163,220
139,165,219
137,162,217
136,159,215
135,157,212
134,156,210
133,155,208
132,155,208
132,157,209
134,158,211
136,159,212
138,162,214
140,164,215
141,165,216
143,164,218
142,164,220
139,161,218
139,158,215
139,161,215
138,164,215
137,169,214
135,168,213
134,163,211
131,158,210
127,154,207
123,150,202
121,143,198
118,137,192
116,134,183
114,130,173
111,123,161
112,124,164
141,165,222
136,162,215
135,159,214
134,157,211
134,156,209
134,156,207
134,156,207
134,157,208
135,159,211
137,162,212
138,166,214
140,166,216
141,165,218
142,165,219
142,165,221
141,166,223
141,165,221
140,164,220
140,162,218
140,163,217
140,165,217
138,167,216
137,167,214
135,165,212
132,161,210
129,157,207
126,154,204
122,148,200
118,141,195
115,138,184
113,133,173
112,126,162
137,161,211
134,158,211
134,157,210
135,156,208
135,157,207
135,158,207
136,158,209
138,164,212
139,167,214
140,166,216
140,164,218
141,164,219
141,165,220
141,167,222
141,166,221
141,166,220
141,165,219
141,165,218
141,165,218
140,165,217
138,165,216
137,166,214
134,163,212
131,160,209
128,156,205
124,151,201
119,144,196
114,139,184
134,160,212
134,158,209
135,158,208
136,159,208
137,159,208
138,160,210
138,163,211
139,164,212
139,164,214
140,162,215
140,161,215
141,162,217
141,164,218
142,167,220
142,166,219
143,166,219
143,166,218
143,166,218
143,165,218
141,164,218
140,164,217
138,165,216
136,164,215
133,162,212
120,145,196
131,157,207
125,152,202
133,157,208
134,157,207
135,159,208
133,156,206
136,159,209
136,159,210
137,160,210
137,162,211
138,162,212
138,162,212
139,160,212
139,159,213
139,160,214
140,161,216
140,164,217
141,164,217
142,164,217
142,165,218
143,166,218
143,166,219
142,165,219
140,165,219
139,166,218
137,165,218
134,163,216
132,159,209
133,156,205
134,159,207
135,158,210
135,159,211
135,160,211
135,160,211
136,160,211
136,160,211
137,159,210
137,157,210
137,158,211
138,158,212
139,159,214
140,160,215
141,162,216
141,164,217
142,165,218
143,166,218
142,165,218
141,166,218
140,167,218
138,167,218
135,165,215
133,152,196
134,155,201
134,155,207
134,156,209
134,157,209
134,156,209
134,156,209
135,156,208
135,155,208
135,154,208
136,155,208
137,155,209
138,154,210
139,157,211
140,160,212
141,163,214
142,164,214
143,163,213
142,164,212
141,165,211
141,164,209
132,148,185
133,152,195
132,153,204
132,154,208
132,156,208
132,155,207
133,154,207
133,153,206
133,153,205
134,152,205
134,153,205
135,153,205
136,152,206
136,155,208
137,158,209
138,160,211
139,160,210
140,159,208
139,159,206
138,159,204
130,150,188
130,152,201
130,154,207
130,156,207
130,154,206
131,152,205
132,151,203
132,151,202
132,151,202
132,152,202
132,152,202
133,152,203
133,155,204
133,157,206
134,156,208
134,155,207
135,154,204
127,147,184
127,150,198
127,152,205
127,154,205
129,152,204
130,151,204
131,151,203
131,151,202
130,151,201
130,151,201
130,151,200
130,151,200
129,152,200
129,152,201
129,151,202
126,148,195
126,151,202
126,152,202
127,151,203
129,150,204
130,151,203
130,151,202
129,151,201
129,150,200
128,149,199
127,149,197
127,148,197
127,148,197
127,145,191
127,148,199
127,152,200
128,151,202
129,151,203
130,152,203
130,151,202
130,151,201
129,150,199
129,149,197
128,148,195
129,146,194
128,150,197
129,150,200
130,150,203
131,151,202
131,151,202
130,150,201
129,150,199
129,148,197
130,144,187
129,146,193
130,147,198
130,148,203
131,149,202
131,150,202
130,150,201
129,147,196
131,148,202
132,149,202
132,150,202
127,145,188
128,146,193
131,149,201
126,143,182
127,146,185
166,186,243
156,168,225
146,155,208
136,152,201
128,147,195
125,142,187
122,137,181
119,133,174
117,126,166
114,121,161
158,171,240
148,159,223
141,154,206
134,151,199
123,140,186
120,135,179
117,130,171
114,125,163
112,121,158
110,118,158
110,117,158
111,117,157
112,118,162
114,121,167
117,128,173
121,136,178
125,143,183
126,145,188
128,145,192
130,144,190
131,142,189
131,140,188
131,140,194
134,145,200
140,164,206
147,177,207
166,184,221
162,178,207
158,180,204
155,186,205
127,147,193
141,157,220
137,154,208
132,150,200
127,145,192
122,138,184
118,133,176
114,128,169
112,124,162
110,121,157
108,119,158
108,118,158
109,118,159
110,118,163
112,121,166
115,126,171
119,132,175
123,138,180
124,140,185
125,142,189
127,141,188
127,139,187
187,214,246
127,137,187
128,142,194
131,152,201
139,168,208
146,177,209
155,181,206
159,175,204
163,175,207
166,187,221
173,204,234
181,224,247
189,224,248
193,222,248
190,217,248
184,211,242
182,209,238
180,204,229
178,194,214
176,185,199
151,164,233
144,158,225
135,154,218
132,153,210
129,149,201
126,144,191
121,137,181
116,131,174
112,126,167
110,123,160
108,120,156
107,119,157
107,119,159
108,118,161
108,118,163
110,120,165
113,124,168
116,129,172
119,133,177
121,136,182
122,138,186
123,138,186
125,138,186
126,137,185
127,143,194
131,153,202
138,169,211
146,179,212
155,184,208
159,178,205
163,178,207
167,186,220
173,201,233
179,218,246
185,222,246
189,222,245
185,214,245
163,168,233
180,201,237
177,200,232
174,197,225
172,189,211
171,181,198
182,207,242
172,193,227
140,150,217
132,146,215
129,149,212
126,148,202
123,145,190
119,135,179
114,129,171
110,123,164
109,121,159
108,120,155
107,120,157
107,119,160
107,117,162
107,117,163
108,117,164
110,121,165
113,124,169
115,128,174
117,131,179
118,134,183
120,136,184
122,137,184
125,138,184
127,142,194
132,151,203
139,169,213
146,180,214
154,187,209
158,183,205
163,181,206
167,185,219
172,196,231
177,210,243
182,218,243
184,220,242
181,211,241
178,202,237
176,193,232
169,190,220
166,185,208
156,164,220
168,190,222
135,145,207
128,143,208
125,149,208
123,146,197
121,140,185
116,131,173
112,124,165
108,121,161
107,120,157
107,119,154
107,119,156
106,118,157
106,117,159
105,117,160
105,117,162
108,119,163
109,121,166
111,125,171
113,128,175
115,131,179
116,134,180
119,135,181
123,134,182
127,143,192
133,157,202
139,177,212
146,183,212
154,179,205
158,177,198
163,178,196
167,183,208
171,194,221
175,207,233
178,208,233
180,208,233
177,205,233
174,200,230
172,193,226
149,158,207
164,186,216
160,179,205
130,143,197
124,144,198
122,152,200
120,143,189
118,133,178
114,124,166
110,120,160
105,119,157
105,119,155
106,118,153
107,117,154
106,117,154
105,117,155
104,117,157
104,116,159
105,117,161
107,119,164
108,122,168
110,125,172
112,130,175
114,134,177
117,134,178
122,133,180
127,143,190
133,157,201
138,176,211
144,178,210
150,168,201
155,168,190
160,171,187
165,178,199
168,188,211
172,200,223
175,198,224
176,196,225
174,198,226
171,196,224
168,192,221
164,188,218
160,183,212
157,175,202
142,149,195
135,140,182
157,179,208
125,133,185
120,133,189
118,138,192
117,133,182
115,126,171
111,120,160
108,117,154
104,117,153
104,117,153
105,117,152
107,116,152
107,115,151
105,115,151
105,116,154
104,116,156
105,117,159
107,118,162
108,119,165
110,125,168
111,132,171
113,137,173
117,138,176
122,136,178
126,142,189
131,151,200
135,162,211
139,162,208
143,153,196
148,156,183
154,161,177
160,168,189
164,178,201
167,190,212
171,185,215
173,182,217
171,188,219
167,190,218
165,190,215
161,185,212
154,172,199
111,134,170
154,178,208
158,183,212
161,187,214
164,188,217
167,188,218
170,187,218
168,192,218
164,197,216
160,181,202
155,165,187
148,151,174
142,147,178
136,148,189
134,160,200
132,161,203
130,148,194
126,139,184
121,133,176
116,135,174
113,136,172
136,142,185
109,127,167
107,120,163
107,118,160
105,116,157
105,116,154
105,115,151
106,115,149
107,115,150
107,115,150
105,116,151
103,115,150
103,115,150
105,114,150
109,116,154
112,121,165
114,124,176
115,127,184
116,123,180
121,124,176
128,131,171
109,131,167
126,133,178
121,121,164
116,120,168
113,121,172
112,123,176
110,120,168
109,116,160
106,111,151
104,110,147
101,112,147
103,115,148
105,116,148
107,116,148
108,115,149
107,114,149
105,115,151
105,115,152
105,116,154
107,118,157
107,123,162
152,178,208
111,136,172
112,132,172
116,129,172
120,126,173
125,136,179
129,148,185
130,162,193
130,160,190
130,145,182
136,140,174
143,143,171
151,164,188
157,184,205
161,202,222
165,198,222
167,193,220
164,188,218
161,186,216
158,184,214
155,181,211
118,118,158
114,119,161
112,120,164
111,122,167
110,118,162
109,113,155
107,111,148
105,110,145
104,112,145
105,114,146
107,117,146
109,117,147
109,117,148
109,115,150
108,115,150
108,116,150
109,118,150
109,120,154
110,124,161
111,128,168
112,130,174
113,125,172
116,124,171
120,126,169
124,134,173
127,141,177
128,147,182
129,144,180
129,133,174
136,138,168
143,149,168
151,169,188
156,185,208
160,195,228
164,198,226
167,198,222
163,189,218
160,185,215
157,183,212
154,180,210
152,177,207
121,127,171
120,124,163
113,119,154
112,120,156
111,123,159
111,117,155
111,111,150
110,113,145
109,113,144
109,112,144
109,115,146
110,118,147
111,119,148
111,119,151
111,117,153
111,117,153
111,118,153
112,121,152
113,123,156
114,126,164
114,126,173
114,126,180
114,123,177
116,124,175
120,127,173
123,133,175
126,138,177
127,137,180
127,135,179
129,131,175
135,140,171
143,152,172
150,170,189
156,182,207
160,189,225
164,193,223
166,194,219
162,184,215
159,180,212
155,180,211
153,178,209
152,176,207
117,120,152
119,124,167
113,122,163
112,127,166
112,134,170
112,129,168
112,121,164
112,120,161
113,120,160
113,124,160
113,124,160
113,123,161
113,124,164
113,122,166
113,119,169
114,122,171
114,125,171
115,126,172
116,129,175
117,131,181
117,129,187
116,126,192
116,130,191
117,131,190
119,128,189
122,134,189
124,139,189
125,134,189
127,134,187
129,141,184
135,146,181
142,152,181
150,167,193
155,177,205
159,184,216
163,185,215
166,184,212
162,176,210
158,173,208
153,176,208
153,176,208
152,175,207
116,119,160
115,131,179
119,126,173
117,121,167
115,127,172
114,134,177
114,141,182
115,137,181
116,129,177
117,132,175
118,140,175
118,137,175
117,131,176
117,131,179
117,130,183
118,128,186
120,132,188
121,136,189
122,137,191
124,139,194
126,142,198
126,141,201
126,140,204
126,147,204
128,148,205
130,144,205
132,148,203
134,153,201
136,149,199
137,152,196
139,160,194
144,161,192
150,163,191
156,172,197
160,178,202
163,183,207
165,184,207
167,184,206
164,180,205
162,178,205
159,179,206
158,180,207
122,133,180
138,156,215
125,136,182
123,133,178
122,131,176
121,134,182
120,138,187
120,142,194
120,141,194
120,139,193
121,141,192
123,148,191
124,162,190
124,154,189
124,142,190
124,141,194
125,141,199
127,144,203
129,146,206
131,150,208
133,151,211
136,153,213
163,187,207
140,159,216
141,162,217
142,168,218
144,170,219
145,166,221
146,167,217
148,169,212
149,170,207
151,173,204
152,179,203
155,177,201
159,175,199
162,178,199
165,180,200
166,183,201
168,184,201
168,185,202
167,184,202
166,184,203
164,184,205
169,197,209
128,140,184
127,139,182
127,139,181
127,141,188
126,143,195
126,145,202
125,146,203
125,147,202
127,148,202
129,154,201
131,163,200
132,155,199
132,144,199
132,150,204
133,155,210
136,161,217
138,161,221
140,161,224
144,164,228
147,168,230
151,174,230
153,178,230
156,182,230
158,184,230
160,184,230
160,182,231
161,181,225
161,181,219
163,186,211
164,187,206
165,184,203
167,183,200
168,183,198
169,182,199
170,182,200
170,184,202
170,186,202
170,189,203
170,190,204
170,191,205
170,191,207
131,145,185
132,146,186
133,147,193
133,148,201
132,151,208
131,153,210
131,154,209
133,154,209
135,156,208
137,160,207
138,154,206
139,147,206
140,159,214
142,169,222
145,176,230
148,175,235
151,172,239
155,178,244
159,185,246
163,193,245
166,197,244
168,199,243
171,198,243
172,196,242
171,194,242
171,191,234
172,194,215
172,193,207
173,185,203
173,185,199
173,186,196
174,184,198
174,184,200
173,186,202
171,189,225
172,189,203
172,193,204
172,193,205
171,194,207
171,194,209
170,197,211
131,145,186
134,147,188
134,149,189
135,151,190
136,152,199
136,154,207
135,157,216
134,160,218
133,163,217
136,162,217
138,164,216
141,169,215
144,168,214
147,166,213
151,178,223
154,185,232
158,185,243
161,181,249
164,177,255
168,191,255
173,204,255
177,214,255
178,213,255
177,208,255
177,209,255
176,206,253
175,198,252
175,194,243
174,192,231
174,191,219
174,188,209
175,180,204
175,181,199
175,184,194
175,183,197
175,184,199
175,187,202
174,193,204
174,197,205
173,195,207
171,194,209
169,194,211
136,148,188
137,150,190
138,153,192
138,156,194
139,157,202
139,159,210
138,163,218
137,165,220
136,166,220
139,167,220
142,169,220
145,174,220
150,176,220
156,179,222
161,189,231
166,195,242
171,195,252
174,194,255
178,194,255
182,211,255
186,223,255
190,225,255
189,219,255
186,211,255
183,210,255
181,205,253
180,196,249
179,193,240
178,192,229
177,191,218
177,189,210
176,186,207
176,186,203
176,186,200
176,186,202
177,186,204
176,188,206
176,191,206
176,194,206
173,191,206
171,189,206
168,188,205
138,150,190
140,153,192
141,158,194
142,163,197
143,162,202
143,163,208
141,168,214
140,166,216
139,162,216
142,166,216
145,170,218
149,173,222
156,178,226
164,185,231
172,193,240
179,200,248
183,205,255
187,211,255
192,219,255
196,237,255
200,243,255
166,182,200
173,189,205
177,191,207
178,190,209
178,190,211
178,190,210
179,190,209
178,190,208
178,194,209
178,196,210
179,193,211
180,191,217
181,191,224
182,190,232
183,191,240
184,200,248
188,206,255
195,212,255
201,220,255
204,229,255
169,186,202
200,238,255
198,240,255
197,236,255
197,218,255
189,210,255
182,204,254
177,197,243
177,187,231
178,188,224
178,194,219
180,197,215
182,202,212
185,209,214
185,207,215
184,201,216
183,198,216
182,196,216
179,195,216
177,194,212
175,193,208
191,222,255
170,188,204
165,182,199
185,210,255
179,204,255
172,196,248
164,185,241
156,174,232
148,165,224
145,162,216
142,157,212
138,151,211
140,159,211
141,164,210
142,161,206
142,161,203
142,163,199
141,160,197
140,156,195
138,151,193
161,175,194
202,226,255
191,214,214
167,186,197
173,191,202
177,197,207
181,201,212
185,200,212
188,203,214
190,209,215
191,215,211
186,207,210
180,198,210
175,189,212
173,180,215
172,177,221
169,189,235
175,199,249
184,207,255
193,215,255
199,222,255
137,154,195
138,158,197
139,160,199
140,160,202
141,158,203
141,157,205
139,156,206
138,148,207
137,138,208
140,146,209
143,153,214
147,157,225
154,169,237
162,184,248
170,197,253
178,206,255
185,212,255
193,226,255
200,244,255
200,239,255
200,232,255
161,179,191
178,204,252
168,189,238
162,174,223
165,158,209
168,163,204
172,178,204
180,195,204
189,207,204
198,211,205
199,214,206
136,155,196
197,218,255
196,216,207
193,207,205
189,202,203
183,206,202
177,200,198
171,188,192
163,185,187
188,210,255
136,152,194
199,228,255
137,157,198
138,158,200
139,157,201
139,157,202
138,157,203
136,151,204
135,142,204
138,145,205
142,150,209
145,158,219
152,171,230
160,186,241
168,192,245
177,198,250
186,202,255
195,213,255
204,226,255
202,229,255
157,177,181
190,216,255
187,208,255
179,200,250
169,191,242
159,176,227
154,162,211
158,151,197
161,154,193
164,164,195
173,181,197
182,196,199
190,205,199
191,207,199
188,205,199
185,196,197
181,191,194
175,190,192
168,185,188
156,172,178
150,162,172
136,150,189
136,150,193
136,152,194
136,154,196
137,156,198
138,156,199
138,157,199
137,157,200
135,151,201
134,141,201
137,144,201
141,148,204
144,159,214
151,171,223
157,183,233
164,185,238
172,188,242
181,193,246
189,201,252
198,211,255
194,216,255
162,178,183
178,198,253
137,151,189
137,151,191
137,151,193
137,153,195
138,155,197
136,153,198
134,145,198
132,136,198
174,196,245
167,187,238
159,174,230
150,161,215
145,151,200
138,155,196
149,146,185
153,147,183
156,151,186
164,166,189
172,182,191
180,196,191
181,197,190
178,191,189
176,183,185
172,177,182
166,173,179
160,169,176
155,166,171
148,157,167
142,149,162
181,199,252
184,199,247
177,190,242
171,183,238
164,179,234
158,177,230
154,175,226
148,166,217
143,158,208
140,150,199
136,142,197
138,155,196
153,162,193
155,162,193
151,161,193
148,159,193
156,162,193
145,154,191
156,163,191
154,161,189
152,158,188
148,155,186
146,154,187
143,152,189
147,156,193
149,159,191
151,160,191
151,160,190
152,160,190
152,160,190
152,158,191
159,167,194
158,167,193
152,158,184
154,158,188
155,160,190
147,155,186
147,154,187
156,161,193
157,163,192
156,163,191
154,162,190
153,159,188
151,156,186
148,155,183
146,153,183
150,157,182
144,152,185
146,154,186
147,155,188
150,156,187
150,156,186
149,155,186
147,156,186
148,155,186
151,157,186
152,161,189
151,158,188
152,159,189
153,161,189
151,159,189
150,156,186
148,154,183
147,153,181
145,152,180
144,151,181
145,152,182
146,152,183
148,152,183
148,152,183
146,151,182
145,151,182
144,152,182
143,152,182
143,151,182
148,157,183
147,154,184
147,155,185
148,159,187
148,159,188
147,156,188
146,153,185
145,151,181
144,150,178
142,150,177
141,150,177
142,149,178
143,148,178
144,148,179
143,147,179
142,148,179
141,148,178
140,148,178
140,147,178
140,146,178
148,157,186
144,148,178
142,151,180
142,148,176
141,146,174
140,146,173
139,146,173
139,145,173
139,144,174
140,144,174
140,144,174
139,144,175
139,145,174
138,145,174
138,145,174
137,144,173
137,143,173
144,154,181
144,152,181
144,154,182
143,151,180
143,150,178
143,153,183
134,143,169
140,147,175
141,149,176
140,150,176
140,150,177
140,148,174
139,146,171
138,143,168
137,142,167
136,142,167
136,141,168
136,141,168
136,141,169
136,141,169
136,141,171
136,142,170
135,142,169
135,139,168
133,141,168
140,147,174
135,143,169
133,140,165
133,139,165
133,139,166
133,138,166
133,139,165
133,139,165
133,138,164
133,138,163
134,140,163
136,141,163
138,144,165
139,146,168
139,146,171
139,145,170
139,145,169
138,145,169
133,138,163
133,137,163
133,137,163
132,138,164
132,139,164
130,136,159
137,143,166
137,143,167
138,142,168
138,143,165
138,142,162
135,138,160
132,137,159
129,135,159
129,135,160
129,135,160
130,136,161
130,136,162
130,136,162
131,136,162
131,136,161
131,136,161
131,134,158
130,134,159
137,143,166
130,136,160
136,140,166
137,139,167
138,139,164
137,138,160
133,135,158
125,132,157
125,132,157
126,132,158
129,133,157
126,133,158
127,133,158
127,133,159
128,133,158
129,133,158
129,132,157
129,132,157
129,132,156
127,131,154
127,130,154
128,131,155
136,141,164
126,129,154
126,130,154
126,131,155
126,131,155
126,130,155
125,131,155
125,131,155
124,130,155
124,130,155
123,129,154
135,138,166
127,131,154
131,133,155
135,136,158
136,137,162
134,140,164
126,129,153
128,127,148
125,128,150
125,128,150
125,128,151
125,125,144
123,126,145
123,127,146
123,127,148
123,126,149
123,127,151
124,129,152
124,130,152
124,130,152
124,128,152
124,129,152
124,130,152
123,129,152
123,128,152
123,127,152
126,129,152
130,131,153
133,135,157
134,136,160
133,136,164
132,138,162
124,123,141
123,124,142
122,125,143
121,126,144
120,127,145
120,126,145
121,127,146
122,128,147
122,128,148
123,126,148
123,124,148
123,126,148
123,127,148
122,127,148
122,127,149
122,127,150
125,127,151
128,129,152
131,134,161
132,134,158
131,132,155
119,121,140
120,122,138
120,123,139
120,124,140
120,125,141
119,126,142
118,126,142
119,127,143
120,127,144
121,126,144
121,125,145
121,123,146
122,124,145
122,125,145
122,126,145
122,126,146
122,127,147
125,127,149
127,129,151
130,132,154
131,133,156
117,117,135
118,119,136
118,121,136
119,124,140
120,125,140
120,126,140
120,125,141
120,125,142
120,123,143
121,123,142
121,123,142
122,124,142
123,126,143
124,128,146
125,129,148
127,131,151
130,134,152
119,123,138
119,124,139
130,135,154
119,122,137
121,117,131
116,116,132
116,118,134
116,119,135
117,121,136
118,121,138
119,122,139
121,123,139
120,124,139
120,125,139
119,125,140
119,124,140
120,123,141
120,123,140
121,123,140
122,124,140
123,125,141
125,127,145
126,130,148
127,132,151
129,133,152
118,116,132
114,116,132
114,116,132
114,118,134
115,119,136
117,118,138
120,120,139
122,123,139
121,124,139
119,125,139
118,124,139
118,123,139
119,123,139
120,123,139
121,122,138
122,123,138
124,125,140
126,126,144
127,132,152
129,133,152
126,129,148
123,123,138
121,122,136
120,121,137
119,121,137
118,122,138
118,122,139
118,122,139
119,124,140
120,124,140
121,125,140
119,121,140
117,119,139
116,119,136
115,118,133
114,117,131
114,117,132
117,117,133
123,116,134
126,129,148
126,131,152
125,125,143
123,116,133
119,118,136
116,118,134
115,118,132
115,117,131
116,118,133
116,119,136
118,119,140
119,121,141
120,125,141
120,124,140
118,123,140
118,122,139
117,121,138
117,121,137
118,120,137
119,120,136
121,121,136
123,122,138
125,125,143
125,129,148
115,120,136
115,119,135
116,118,135
116,118,137
117,119,138
118,117,140
119,118,141
119,122,140
119,123,140
118,122,139
118,122,138
117,122,138
117,121,137
117,120,137
117,119,138
120,119,138
122,121,140
124,126,144
125,130,147
118,122,140
118,119,141
118,119,140
119,123,140
118,123,139
118,123,139
117,123,138
117,123,138
117,121,138
117,120,138
117,120,139
120,120,139
122,123,141
124,129,144
118,122,140
118,121,140
118,125,139
118,125,139
117,124,139
117,125,138
117,124,138
117,121,138
117,120,139
117,120,140
120,122,141
122,125,143
118,122,140
118,123,141
117,124,138
117,123,138
117,122,138
117,120,138
117,120,139
117,121,140
120,121,142
122,124,145
118,121,141
117,123,139
116,121,138
117,119,139
117,120,140
118,122,141
121,122,143
116,122,138
117,122,138
119,123,142
117,120,139
117,121,141
119,123,145
115,133,161
118,136,166
120,136,171
121,140,176
116,139,166
114,134,164
118,137,168
124,136,172
125,140,178
122,137,167
120,136,165
119,135,163
117,132,159
116,130,156
123,136,169
126,136,174
126,135,170
127,140,179
123,136,166
121,136,164
119,134,162
118,132,159
118,129,157
117,127,153
115,124,148
125,135,168
126,138,181
125,135,171
124,133,169
123,134,168
121,134,166
120,136,164
119,134,163
118,131,162
118,129,160
116,127,158
114,125,156
111,126,155
109,129,153
125,136,175
125,137,174
124,135,169
124,133,167
123,132,166
122,132,164
120,133,163
120,133,162
119,130,160
118,129,159
117,127,158
116,126,157
115,126,156
114,127,155
112,124,154
125,140,181
124,138,172
124,135,167
123,133,165
123,132,164
122,131,162
121,131,161
120,131,160
125,142,181
118,129,158
118,127,158
117,126,158
117,126,157
117,126,156
115,125,156
119,130,159
125,139,181
123,134,166
122,134,164
121,133,162
121,131,161
120,131,159
119,130,158
118,127,158
117,127,158
116,127,158
116,126,159
116,126,159
116,127,158
114,126,158
124,135,171
124,133,169
123,132,163
121,133,163
120,133,162
119,132,160
119,130,159
118,127,157
116,123,156
115,124,156
114,124,156
114,122,156
114,123,156
114,124,156
113,124,156
126,138,181
125,130,166
122,127,161
120,131,161
119,132,162
118,132,161
127,139,180
117,125,156
115,119,154
113,120,153
112,120,153
113,118,153
113,119,153
113,121,153
112,122,154
118,129,159
124,129,164
121,128,158
119,132,160
118,132,162
118,132,162
117,126,155
115,122,152
113,121,151
112,120,150
127,137,179
112,118,149
113,118,149
113,120,150
112,121,151
118,130,159
113,118,147
123,128,161
120,127,155
118,132,158
118,132,162
118,132,163
118,131,159
117,128,155
115,123,151
113,122,149
112,120,147
112,118,146
113,118,146
112,121,147
111,122,148
125,135,177
117,126,156
119,120,151
117,130,162
125,136,172
118,132,165
119,131,161
111,123,145
118,127,157
115,123,152
113,121,149
112,120,146
112,117,144
113,117,143
113,118,144
112,121,144
122,122,156
116,123,154
117,128,162
118,118,147
119,133,163
119,130,158
116,125,154
113,123,150
111,120,146
111,116,141
111,117,141
110,118,142
110,120,142
118,132,167
111,117,143
120,134,160
116,129,155
113,125,151
110,121,146
109,116,141
109,114,139
108,115,138
108,115,138
108,116,138
120,135,165
109,118,142
108,111,134
106,107,131
104,108,131
105,110,131
106,112,132
113,126,150
102,103,124
103,107,125
101,101,123
97,117,146
101,118,161
104,118,151
105,116,138
99,104,126
93,97,118
94,111,132
88,90,108
89,90,107
90,93,116
92,97,125
94,102,135
96,114,136
97,120,137
95,110,138
87,91,113
90,98,119
88,92,107
85,88,99
83,84,96
93,103,131
101,126,152
103,129,167
105,123,152
104,115,135
97,102,119
91,94,111
83,89,107
86,88,104
88,89,105
91,93,117
94,101,130
97,112,142
101,121,141
103,124,139
98,115,138
94,105,129
90,97,117
82,83,96
79,81,94
98,120,136
86,89,104
95,107,124
102,115,133
108,121,138
106,121,142
101,119,146
96,106,133
92,95,120
88,87,107
84,87,104
81,88,106
88,90,108
96,97,114
103,111,127
105,127,141
105,140,153
105,129,142
103,117,131
80,78,94
76,79,92
89,95,113
84,85,102
105,121,133
103,131,138
103,119,130
100,105,119
94,94,109
87,89,104
80,88,105
84,89,105
88,90,109
93,96,123
97,105,137
100,116,151
104,120,144
105,121,136
99,111,128
93,101,119
87,92,110
82,85,100
79,79,93
103,113,126
101,109,123
100,111,124
99,105,118
97,98,111
91,93,104
87,90,102
81,89,104
85,92,106
89,95,111
94,98,124
97,103,138
99,111,152
101,117,143
102,118,133
96,104,123
90,95,114
84,89,106
81,84,98
101,108,122
78,80,91
98,102,124
79,81,95
82,84,101
87,86,107
93,92,114
98,104,121
99,108,130
98,109,136
97,104,127
94,101,118
90,100,109
86,95,106
82,90,105
86,88,103
89,90,106
93,95,113
95,97,121
98,104,119
98,104,121
77,79,91
96,98,127
92,93,123
91,94,116
88,89,108
85,87,105
82,89,106
86,95,107
90,101,108
93,102,112
95,103,120
94,99,115
93,93,110
89,86,104
84,82,100
79,82,96
77,80,93
76,78,90
95,103,116
97,103,117
97,103,121
96,99,125
94,92,129
95,103,126
76,79,91
77,81,92
80,81,93
83,82,96
87,85,98
88,90,101
90,95,104
91,100,105
90,100,106
87,96,107
84,91,107
82,86,107
86,88,107
89,92,110
91,99,118
93,99,126
96,102,115
96,104,120
75,78,89
94,99,132
74,78,90
75,80,91
77,80,92
78,80,93
80,82,95
82,84,97
84,87,99
87,92,100
87,94,101
84,92,103
83,88,103
82,85,103
86,87,104
89,91,107
93,98,114
94,102,121
95,105,126
95,96,114
95,101,118
95,104,122
74,76,89
94,103,114
93,94,108
90,89,102
86,86,99
81,84,99
81,86,99
83,88,97
82,88,98
82,86,96
80,80,95
77,80,94
75,79,93
74,79,92
74,79,91
74,79,90
73,77,90
95,109,118
94,87,114
95,95,116
95,103,117
81,86,93
73,79,90
74,78,90
74,78,91
74,79,91
76,79,91
78,80,91
80,84,92
80,86,94
79,83,94
79,81,95
82,83,95
86,85,97
89,88,101
91,95,105
93,101,110
94,99,111
95,97,113
94,93,114
74,78,90
91,96,105
88,90,102
85,83,98
82,81,94
80,80,92
77,79,92
77,81,92
78,83,92
78,83,91
94,99,113
78,82,91
76,79,90
75,78,90
73,78,89
73,77,89
73,77,89
73,78,89
94,98,109
94,100,116
74,78,89
93,100,114
89,94,110
85,89,105
81,83,100
79,79,95
77,77,92
75,79,92
75,81,92
75,83,93
75,82,92
75,80,91
74,77,90
73,76,89
73,76,88
73,75,87
73,75,87
73,76,87
74,76,88
94,104,123
94,103,118
73,76,87
72,76,86
72,76,84
72,76,85
72,77,87
73,77,89
73,77,91
74,79,92
88,97,114
75,80,93
93,106,129
74,81,93
74,79,93
75,78,92
76,77,91
77,79,95
79,82,101
83,89,108
93,107,119
94,110,124
93,105,135
71,76,84
71,76,83
71,76,84
71,77,86
72,77,89
73,77,91
74,79,92
74,79,93
74,78,94
74,78,93
74,78,92
75,78,91
76,79,95
78,82,102
82,90,111
88,100,118
93,115,123
91,100,124
72,75,86
94,116,130
76,81,99
75,78,93
74,76,90
73,77,91
73,77,91
73,77,91
74,77,91
73,77,90
72,76,89
71,76,88
70,76,86
70,76,85
70,76,84
71,75,84
88,93,111
93,103,116
94,103,121
82,87,105
90,97,121
92,98,126
70,75,84
89,96,118
90,93,117
93,94,113
92,92,108
86,88,103
80,83,99
75,80,95
74,78,92
74,76,90
73,76,90
73,76,89
73,76,89
73,77,89
73,77,88
72,76,87
71,76,87
70,75,86
70,76,86
70,76,85
70,76,85
87,99,115
88,92,108
88,89,104
87,86,99
82,83,96
78,81,93
74,79,92
74,77,90
73,76,89
72,77,89
73,77,88
73,76,87
73,77,87
73,77,86
72,76,86
71,75,86
70,75,86
70,75,87
70,75,86
72,76,86
86,96,111
84,88,103
83,84,99
76,79,91
74,78,90
73,77,90
73,76,89
72,77,88
72,77,88
73,76,88
73,76,87
73,77,86
71,75,86
70,74,86
70,74,87
70,73,86
70,75,85
82,82,96
79,80,93
77,79,94
79,80,97
74,77,90
84,90,105
73,77,90
73,76,89
73,76,89
72,77,88
72,77,88
82,81,100
72,75,88
73,76,88
73,76,87
72,75,87
71,75,86
71,75,86
71,73,87
71,73,86
71,74,86
76,77,91
72,76,86
83,89,100
80,82,97
78,80,94
76,79,92
75,77,89
74,77,88
73,78,88
73,77,88
72,77,89
72,79,89
72,79,89
72,77,89
73,77,88
73,77,88
73,77,87
73,77,87
73,77,87
73,76,87
73,75,87
72,78,89
82,88,97
79,83,96
76,80,93
74,78,90
74,77,88
73,78,87
73,78,88
72,78,88
74,77,89
72,80,89
72,80,89
72,78,90
73,78,89
74,78,89
74,78,88
74,79,88
75,79,89
75,78,89
74,77,88
75,80,93
80,85,97
77,81,93
76,79,94
77,83,92
76,81,90
75,80,90
74,79,90
73,79,90
72,79,90
72,80,90
71,79,89
72,78,89
72,77,89
72,77,89
72,77,88
73,77,89
73,78,91
77,82,95
77,83,98
82,87,98
81,84,97
78,82,95
75,80,93
73,79,92
73,77,90
73,77,89
72,78,89
72,78,89
72,79,89
71,80,90
72,80,90
73,79,91
74,79,91
75,80,91
76,81,91
77,86,93
78,91,95
77,87,97
78,87,101
83,87,99
82,84,97
79,83,95
76,81,94
74,79,92
74,78,91
73,78,90
73,79,90
72,79,90
72,79,90
71,81,90
72,81,91
73,79,91
74,79,92
75,80,92
76,82,93
78,88,95
78,95,97
78,91,100
79,90,100
84,93,101
83,89,99
80,85,97
78,82,95
75,79,92
75,78,90
74,77,89
73,78,89
73,78,89
72,78,89
72,80,91
72,79,92
74,77,93
75,78,94
76,80,95
77,81,96
78,85,97
79,91,98
78,89,100
73,78,89
85,98,103
84,94,101
81,88,99
78,83,96
76,79,92
75,77,89
74,76,88
73,77,88
73,77,89
79,88,100
73,80,91
74,80,93
75,80,95
77,81,96
78,82,97
79,83,98
80,87,99
81,92,99
80,90,100
82,91,101
85,104,105
84,100,103
82,90,101
79,84,97
76,79,93
76,77,89
75,76,87
74,76,87
74,78,88
75,79,89
76,81,92
78,87,97
80,86,98
82,85,99
82,88,101
83,94,101
81,90,100
80,86,99
77,84,94
78,84,94
77,80,90
75,78,89
74,76,88
75,76,87
76,76,89
77,79,94
79,82,98
82,86,103
84,96,104
85,99,106
81,98,103
83,95,104
85,92,105
85,92,107
85,93,107
85,95,105
83,87,104
80,90,98
85,90,106
84,87,105
82,80,103
80,79,99
78,78,94
77,76,90
76,75,88
75,76,89
76,78,90
78,80,92
80,86,97
82,95,103
84,105,110
86,101,111
87,97,112
87,96,113
87,96,113
87,99,110
84,90,108
84,89,106
83,87,105
81,83,104
79,82,100
77,81,95
76,78,91
75,76,89
74,76,90
76,78,91
78,80,93
80,86,101
82,92,109
84,98,116
85,99,118
87,99,118
87,99,119
88,103,118
88,111,114
85,100,111
83,88,105
82,87,104
80,85,103
78,83,99
76,82,95
75,79,91
74,77,89
74,77,90
76,78,90
78,80,92
81,85,100
83,89,107
84,91,114
85,94,115
86,96,116
87,96,116
82,88,103
82,87,102
81,87,100
79,87,99
77,84,96
75,81,93
74,79,90
74,78,88
73,78,88
75,78,89
78,79,90
81,82,95
83,85,100
84,86,106
81,87,101
81,88,99
80,87,97
78,86,95
76,83,93
74,80,91
73,79,89
73,78,88
72,78,88
74,78,87
77,79,87
80,86,98
80,88,95
79,87,93
77,84,91
75,82,90
73,79,89
73,78,88
72,78,87
79,83,91
78,83,89
76,81,86
74,79,85
79,81,94
77,78,90
77,80,87
137,152,172
133,156,178
133,144,164
129,141,165
134,148,173
131,152,181
129,148,173
127,142,163
124,131,154
121,121,150
118,115,148
125,137,166
131,144,172
129,150,177
128,144,168
126,135,159
119,124,149
112,118,145
105,116,145
104,118,146
103,118,145
102,114,141
103,110,137
104,105,132
121,133,166
126,138,170
125,143,173
124,138,164
122,131,154
116,121,144
109,116,141
103,116,143
102,117,145
102,118,146
102,115,142
103,113,138
105,112,134
107,119,138
109,124,142
110,124,146
111,125,148
111,126,148
117,128,167
121,131,168
120,135,169
119,132,160
117,127,150
113,119,140
108,115,137
103,116,140
102,117,144
102,117,146
102,116,143
104,116,140
107,118,137
110,124,140
112,127,143
113,125,146
113,126,148
114,128,150
114,127,151
113,126,152
113,125,151
112,124,150
110,121,148
114,130,165
116,131,165
115,134,164
114,129,156
113,122,146
110,112,137
107,109,136
103,114,140
103,117,144
103,119,147
103,118,146
104,119,145
108,121,144
112,123,145
115,124,146
115,123,147
116,124,149
117,127,150
115,127,152
114,126,152
113,124,150
112,122,148
109,120,146
107,118,143
105,115,139
105,112,136
111,130,164
112,127,162
111,131,159
110,125,152
109,119,143
107,109,135
105,109,134
104,116,139
104,118,144
104,120,148
104,119,149
106,120,150
109,122,151
113,123,151
115,124,150
116,124,150
117,126,150
117,130,151
116,128,152
114,125,153
112,123,150
111,121,147
109,119,145
107,118,142
104,116,139
104,113,135
111,124,163
109,120,159
109,123,155
108,121,147
108,118,140
107,113,134
105,114,133
105,120,138
105,121,144
105,120,149
105,120,152
108,121,155
110,123,158
113,124,156
115,124,154
116,126,151
117,129,151
118,133,152
116,129,153
114,124,153
111,121,150
109,119,146
108,118,143
105,117,140
104,115,137
102,111,134
111,123,161
107,118,156
107,120,150
107,118,144
107,115,138
106,110,132
105,111,132
105,119,138
107,121,144
107,122,150
108,122,151
109,123,152
111,125,152
113,125,152
115,125,151
116,126,150
117,128,151
118,129,151
116,126,152
113,122,152
111,120,148
108,118,145
107,117,141
105,114,138
103,112,135
101,107,132
104,120,152
104,119,145
104,116,140
105,112,135
105,105,130
106,107,131
107,117,138
108,121,145
108,123,152
109,124,150
110,125,148
111,126,146
113,126,147
114,125,147
115,126,150
117,127,150
115,124,151
112,121,150
109,119,146
107,118,143
105,115,139
103,113,136
102,110,133
100,105,130
98,105,127
116,127,150
113,125,148
112,125,145
112,125,142
111,124,141
110,126,145
109,125,150
109,122,153
108,122,147
108,120,139
106,111,131
104,109,129
103,112,132
103,113,136
103,114,140
103,116,148
115,127,150
113,123,150
110,120,148
108,119,145
105,117,141
103,113,137
101,111,134
100,109,131
98,105,128
97,105,125
114,125,150
103,112,144
103,108,136
102,108,132
101,109,130
103,107,127
106,110,130
108,119,138
109,119,145
109,118,152
110,122,147
110,122,144
110,120,140
110,121,141
111,122,143
111,121,145
112,121,146
112,122,145
110,120,145
108,117,144
105,116,141
103,114,137
101,111,133
99,108,131
98,105,128
97,102,126
96,101,123
103,109,139
102,101,131
101,100,127
100,102,127
103,100,126
106,103,129
109,112,135
110,112,141
110,111,146
110,114,144
110,115,143
109,113,142
109,115,142
109,118,141
109,117,141
110,117,141
110,117,141
108,116,141
106,114,140
104,113,136
102,112,133
100,109,129
97,105,126
96,102,125
95,99,124
95,98,121
101,108,135
100,99,125
98,98,123
96,100,124
100,99,125
103,103,128
107,113,132
108,113,137
108,112,141
108,113,142
108,114,143
108,114,144
107,115,143
107,117,140
107,115,138
107,115,136
107,116,136
105,115,137
103,112,136
101,113,132
99,111,128
97,105,124
95,103,123
93,100,122
93,98,121
94,98,118
99,108,130
97,101,121
94,99,120
92,99,122
96,100,124
100,105,127
104,114,131
105,115,134
105,113,138
106,113,140
106,114,143
105,114,146
105,115,143
104,116,139
103,113,135
103,112,132
103,113,132
102,111,133
100,109,132
99,110,129
97,107,125
95,101,121
93,99,120
91,97,118
92,95,118
92,95,115
97,105,130
94,96,120
91,94,119
88,95,121
93,96,123
97,99,126
101,109,131
103,111,136
103,112,141
104,114,143
104,115,144
103,115,146
103,115,142
102,113,137
101,108,133
100,105,130
100,107,129
98,105,129
97,104,129
96,104,125
95,101,122
92,95,119
90,94,117
89,94,115
90,91,113
91,90,110
95,103,130
91,94,120
88,92,118
84,93,120
90,94,122
94,97,125
99,107,131
101,111,138
103,114,144
104,117,145
104,119,145
103,117,146
102,116,142
101,114,136
100,108,130
98,104,127
97,103,126
96,102,125
95,102,125
95,103,122
93,101,119
91,96,117
89,94,114
87,93,111
87,91,109
87,91,104
87,93,99
101,115,140
103,119,147
105,123,147
106,123,147
104,120,146
102,118,141
101,116,135
98,109,128
96,103,124
94,100,123
94,100,123
93,100,122
93,103,120
92,102,117
89,96,115
87,94,112
85,93,109
84,91,105
83,91,101
82,92,96
91,98,118
88,94,115
86,92,111
83,91,109
81,89,105
79,88,101
77,87,95
93,99,118
93,99,117
92,100,116
93,101,120
96,103,121
95,100,121
93,98,121
92,96,120
90,93,117
89,93,115
88,95,112
88,96,113
88,96,113
89,96,115
90,97,115
91,99,116
97,118,146
99,116,142
98,113,138
96,108,134
93,104,130
91,101,126
90,102,122
89,101,120
88,97,119
86,94,119
84,91,118
83,90,115
82,90,113
82,90,110
82,92,111
82,94,111
85,94,112
87,96,113
90,98,114
90,101,115
94,111,136
93,112,136
91,112,137
90,112,138
92,115,140
94,116,141
96,117,142
96,117,143
97,117,143
97,113,139
96,109,136
92,104,132
89,102,129
86,101,125
84,100,121
83,98,119
82,95,118
80,91,117
79,88,115
77,88,113
76,87,111
77,87,108
77,90,109
79,93,109
82,93,110
85,95,111
88,97,113
89,100,114
91,115,140
92,113,141
93,112,142
93,112,140
93,112,138
92,112,135
91,110,136
90,109,137
91,112,139
92,114,140
94,116,140
94,115,141
94,114,140
94,110,137
93,107,134
90,103,130
87,101,127
84,100,124
83,98,121
82,96,118
80,94,116
79,91,115
77,88,113
75,87,111
75,87,109
76,87,107
76,91,107
78,93,108
80,93,108
83,94,109
86,97,111
88,99,113
93,121,146
92,118,147
92,113,148
92,113,144
91,112,139
90,110,135
90,108,135
89,106,136
90,109,138
90,111,138
91,114,138
91,113,138
91,110,138
91,108,134
90,104,131
88,101,128
86,100,125
83,98,122
82,95,119
80,93,116
79,93,114
77,90,112
76,88,111
74,87,108
73,86,106
74,86,104
75,89,104
77,91,105
79,90,106
82,92,107
85,95,108
87,99,109
94,117,143
93,114,143
92,110,144
91,109,140
90,109,136
90,106,132
89,104,131
89,103,132
89,105,133
89,107,134
89,110,134
89,109,135
88,108,135
88,105,132
87,102,128
86,99,125
84,97,122
82,96,119
81,92,116
79,90,113
78,90,111
76,89,109
74,88,108
72,86,105
72,84,104
73,83,102
74,86,102
76,88,103
78,87,104
81,89,104
83,93,104
86,98,103
89,101,102
95,112,138
93,109,139
91,106,139
90,106,136
89,105,133
88,103,129
88,101,127
87,101,128
87,102,129
87,103,130
88,107,130
87,107,131
86,105,132
86,104,129
84,101,125
83,97,123
82,95,119
81,94,116
79,90,113
77,88,110
76,88,108
74,87,106
73,86,104
72,84,103
71,83,101
72,83,100
73,85,100
75,88,101
77,87,103
79,88,102
82,92,100
84,94,98
87,96,96
92,107,134
90,105,134
89,103,135
88,104,132
87,104,129
86,101,125
86,99,124
85,98,125
86,99,125
86,102,125
87,107,126
87,107,128
85,104,130
84,103,126
83,101,123
82,97,120
81,95,117
80,94,113
78,90,110
76,87,107
73,86,104
72,85,103
72,84,102
71,83,100
71,82,99
72,82,98
72,85,99
73,88,100
75,86,101
78,87,101
80,90,98
82,91,95
84,90,92
89,103,131
88,101,131
87,99,131
86,100,129
85,101,126
84,98,124
83,96,123
82,96,122
83,96,122
85,98,122
87,102,124
87,103,126
83,100,126
81,98,122
80,94,118
80,92,115
79,91,112
76,87,108
74,84,105
72,84,104
71,83,103
71,81,101
70,81,100
71,80,99
71,79,98
72,81,99
72,84,100
74,82,101
76,83,101
78,86,97
80,86,94
82,85,92
84,87,93
86,100,129
86,97,129
84,94,129
84,96,127
83,97,125
82,94,123
81,93,122
80,94,121
82,93,120
84,93,120
87,97,122
82,97,125
80,95,121
79,91,117
78,89,113
78,89,111
75,84,107
72,81,104
70,82,103
69,81,102
70,79,101
70,79,100
70,79,99
70,77,98
71,79,99
71,81,100
73,81,101
75,81,101
77,84,97
79,84,94
80,83,92
82,84,93
84,98,125
83,96,126
83,93,126
83,96,125
82,98,124
82,95,123
81,94,121
81,95,120
82,95,118
83,95,117
80,95,120
79,91,116
77,90,112
76,90,109
74,87,106
72,83,103
70,84,103
69,83,102
69,81,101
69,81,100
69,80,99
69,79,98
69,80,99
70,82,100
72,82,101
74,83,101
76,86,97
78,86,94
79,84,91
81,82,93
83,97,123
81,95,123
82,94,124
82,97,123
82,100,122
81,97,122
81,96,120
81,96,118
82,97,117
78,91,114
77,90,110
75,90,108
73,87,105
71,84,103
69,85,102
69,84,101
68,81,101
68,81,100
68,81,98
68,79,97
68,79,98
68,81,99
71,81,100
73,82,100
76,85,97
77,86,93
78,84,90
79,84,93
80,95,124
80,92,123
81,93,122
81,96,120
82,95,118
82,95,117
82,96,116
76,87,108
74,88,105
72,85,104
71,83,103
69,83,102
68,82,101
68,81,100
68,81,99
67,80,98
67,78,96
67,77,97
67,79,98
70,80,99
72,81,99
75,83,96
77,84,93
77,86,90
78,86,91
79,86,93
78,95,124
79,91,122
80,91,120
81,94,118
81,94,115
82,94,114
74,88,104
73,86,103
71,83,103
70,83,102
69,83,101
68,82,100
68,82,98
67,82,97
68,79,96
67,79,96
67,79,97
69,80,98
72,81,98
74,83,95
76,84,92
78,84,89
80,87,90
81,87,92
78,97,125
79,93,122
79,92,119
80,94,116
80,93,113
74,88,102
73,84,103
71,84,101
70,84,100
69,82,99
68,83,98
68,84,96
68,81,95
68,80,95
67,80,96
69,80,97
72,81,97
74,82,94
76,83,91
79,83,87
81,86,89
83,87,90
78,95,123
78,91,120
79,91,117
79,92,114
74,83,102
72,83,101
71,83,100
70,82,100
69,82,99
68,82,97
68,81,97
68,80,97
68,80,97
69,80,97
71,80,97
73,80,93
76,80,88
79,79,84
83,82,85
86,84,88
77,90,118
78,87,117
78,87,114
73,83,100
71,83,100
70,81,100
70,81,99
69,81,99
68,80,99
68,80,98
68,80,98
69,80,97
71,80,96
72,79,91
75,78,86
79,78,80
82,80,82
86,83,84
82,82,87
78,90,114
78,88,113
71,84,100
71,82,100
70,81,100
69,81,100
69,81,100
69,81,100
69,82,99
70,81,97
70,80,96
71,79,90
74,77,84
77,77,78
81,81,78
84,85,81
81,83,84
79,92,109
97,117,134
98,116,136
96,115,138
99,120,141
100,118,136
106,130,157
104,128,151
102,125,144
101,118,138
99,116,138
98,117,142
101,123,145
111,141,169
112,139,165
111,134,162
108,127,158
105,124,152
103,121,146
102,114,139
101,115,139
100,120,143
104,125,148
114,144,167
114,143,169
114,142,171
114,139,167
112,133,163
109,126,160
105,122,154
103,118,147
102,115,140
102,117,140
101,123,145
108,147,169
111,146,173
113,147,175
116,150,174
116,147,174
115,142,172
114,139,168
112,134,165
108,126,162
104,121,156
101,117,148
102,117,142
103,120,141
103,127,146
109,125,162
110,131,162
111,140,165
112,150,170
114,148,175
116,147,177
118,149,175
117,145,173
116,140,171
115,137,167
113,133,163
108,126,159
103,120,154
100,116,148
101,116,143
103,120,143
105,128,148
117,145,165
112,135,164
110,131,162
111,135,160
113,140,163
115,145,168
117,146,173
118,146,176
120,144,173
119,141,171
117,137,168
116,134,164
113,131,159
108,125,155
103,119,151
99,115,148
101,115,145
104,120,145
107,130,151
123,141,174
124,152,172
121,151,171
116,143,169
110,132,165
107,126,162
109,133,158
111,139,160
112,145,165
113,144,172
114,143,174
115,142,172
115,139,169
114,136,166
113,135,161
111,131,156
107,123,151
102,117,148
98,111,147
102,117,146
107,124,147
111,135,153
121,144,160
122,153,166
123,152,173
124,153,178
125,164,176
121,158,174
115,139,173
108,126,167
104,121,162
105,131,157
107,139,158
109,144,163
110,142,169
110,140,173
111,139,169
111,137,167
110,134,164
110,133,159
109,130,153
105,121,148
102,115,147
98,110,147
103,119,148
109,129,151
115,138,155
116,135,145
118,134,151
120,146,156
122,153,160
125,154,163
125,153,165
125,151,166
126,152,165
122,144,163
114,130,162
107,126,160
101,126,159
102,135,157
104,139,159
105,139,162
106,138,166
106,137,168
107,136,166
107,133,164
107,131,162
108,129,157
107,125,152
104,118,146
101,115,146
98,115,150
104,123,153
111,132,156
118,139,159
114,147,143
116,146,148
117,145,154
120,156,159
123,159,161
125,155,159
126,151,157
125,147,155
125,139,154
121,131,153
112,122,152
104,126,154
98,132,155
99,137,157
101,136,159
102,132,161
102,132,163
102,133,164
103,133,162
103,131,161
104,129,160
104,126,155
104,123,150
103,119,144
101,117,146
99,117,151
105,125,157
112,133,161
118,139,162
115,142,157
116,146,163
118,148,163
119,150,156
118,143,149
117,133,142
116,124,142
112,121,142
107,123,142
101,130,146
97,136,152
98,133,158
98,129,160
98,123,160
99,124,160
99,127,160
100,131,159
101,131,159
101,129,158
102,126,154
102,123,148
102,122,143
101,120,145
101,118,153
105,125,161
111,133,166
116,141,166
113,140,155
111,131,146
109,118,139
106,115,139
103,117,140
101,123,141
98,130,145
96,135,150
96,127,155
95,122,158
95,119,158
96,120,158
96,121,158
98,126,157
98,129,156
99,130,156
99,127,153
100,126,149
100,127,146
101,126,147
102,124,153
106,128,158
111,133,162
97,110,145
95,119,146
95,124,146
95,127,148
95,129,149
94,120,151
93,116,153
92,117,154
92,116,156
94,115,158
95,122,156
96,127,154
96,130,153
97,129,152
97,129,151
99,132,150
101,133,151
103,131,153
106,132,156
110,133,158
98,130,151
98,131,149
96,123,147
94,119,147
92,120,151
93,119,154
94,119,157
95,123,155
96,126,153
96,128,151
96,127,151
96,126,152
98,129,153
99,131,154
101,133,154
103,132,154
105,130,153
99,127,144
96,122,143
93,123,147
93,123,152
94,122,156
96,125,154
96,127,152
96,127,150
95,126,152
95,125,155
96,125,158
98,127,158
99,133,156
100,131,154
101,128,152
102,125,142
98,121,141
94,121,146
94,122,151
95,123,156
96,126,156
97,127,155
96,127,154
95,127,156
94,127,160
95,122,163
96,121,164
97,129,160
97,129,157
96,126,153
103,125,140
99,120,139
95,120,144
95,122,151
96,124,156
97,128,157
98,131,158
97,130,158
97,131,161
96,133,165
98,127,169
99,126,171
101,133,165
100,133,160
99,130,155
102,127,138
99,121,137
96,121,143
95,122,150
96,126,157
98,132,159
99,135,160
99,135,162
100,138,166
101,142,171
103,139,175
105,137,177
107,142,171
107,141,164
105,136,157
101,125,136
98,119,135
96,119,141
96,122,148
97,127,156
99,132,159
101,136,162
102,136,165
104,140,169
105,145,174
108,144,178
111,144,180
114,148,175
114,149,169
112,147,164
100,119,133
98,114,132
96,117,139
96,122,147
98,127,155
100,132,159
102,135,163
105,136,167
108,140,172
110,147,176
113,148,180
116,150,183
120,155,179
120,157,175
118,157,172
99,118,131
97,113,130
95,115,137
96,119,145
98,125,154
101,131,159
104,136,164
108,140,169
111,146,174
114,155,178
118,156,183
121,157,186
124,165,184
124,167,181
99,117,128
97,112,127
95,113,136
95,116,144
98,123,152
102,130,158
105,137,164
110,142,170
114,149,175
118,158,178
122,158,182
125,158,184
129,167,182
129,169,180
98,113,125
96,108,124
94,114,133
94,119,141
98,122,150
102,129,156
107,136,162
112,142,168
117,147,173
122,152,174
126,152,175
130,152,176
133,158,173
134,161,171
98,111,123
98,107,122
98,117,130
99,124,139
102,124,147
105,130,154
109,137,160
113,141,166
118,145,170
122,146,169
125,146,168
128,147,167
131,152,164
131,154,161
98,113,121
103,112,119
108,125,127
111,134,136
111,131,144
111,133,152
111,139,158
114,141,165
117,142,168
120,142,165
122,142,162
123,143,159
124,148,155
124,148,152